Flight_ID,Date,Airline,Origin_Airport,Destination_Airport,Scheduled_Departure,Actual_Departure,Scheduled_Arrival,Actual_Arrival,Status,Passengers
FL1000,13-04-2023,IndiGo,CCU,HYD,17-08-2023 19:00,08-06-2023 22:00,24-10-2023 22:00,28-01-2023 04:00,Delayed,190
FL1001,15-12-2023,IndiGo,GOI,BOM,18-04-2023 00:00,12-03-2023 17:00,13-06-2023 07:00,10-02-2023 12:00,Delayed,158
FL1002,28-09-2023,Air India,GOI,MAA,21-06-2023 09:00,08-11-2023 09:00,26-03-2023 10:00,21-12-2023 22:00,On-time,130
FL1003,17-04-2023,Vistara,HYD,GOI,12-04-2023 07:00,29-08-2023 20:00,13-03-2023 15:00,30-10-2023 17:00,Delayed,183
FL1004,13-03-2023,IndiGo,GOI,CCU,20-12-2023 17:00,25-10-2023 03:00,24-02-2023 21:00,26-05-2023 04:00,Delayed,126
FL1005,08-07-2023,SpiceJet,HYD,BOM,12-01-2023 00:00,05-02-2023 11:00,16-02-2023 03:00,13-09-2023 15:00,On-time,237
FL1006,21-01-2023,Vistara,GOI,DEL,02-10-2023 01:00,25-03-2023 07:00,26-08-2023 00:00,15-08-2023 18:00,On-time,139
FL1007,13-04-2023,GoAir,DEL,DEL,11-04-2023 00:00,20-09-2023 01:00,14-04-2023 23:00,24-08-2023 13:00,On-time,63
FL1008,02-05-2023,Air India,BLR,PNQ,13-02-2023 00:00,06-11-2023 21:00,29-07-2023 06:00,27-12-2023 15:00,On-time,144
FL1009,03-08-2023,GoAir,GOI,GOI,01-11-2023 08:00,21-06-2023 12:00,11-02-2023 01:00,13-01-2023 14:00,On-time,103
FL1010,27-11-2023,Vistara,BLR,HYD,17-01-2023 12:00,22-06-2023 20:00,12-11-2023 23:00,29-07-2023 21:00,Delayed,181
FL1011,29-03-2023,Vistara,BLR,BLR,26-11-2023 00:00,28-12-2023 15:00,25-09-2023 04:00,17-08-2023 03:00,On-time,88
FL1012,10-04-2023,Vistara,MAA,HYD,26-02-2023 12:00,16-02-2023 01:00,20-09-2023 06:00,10-04-2023 06:00,Delayed,121
FL1013,26-12-2023,GoAir,GOI,HYD,07-11-2023 19:00,21-05-2023 10:00,02-12-2023 03:00,31-01-2023 15:00,On-time,74
FL1014,01-06-2023,Vistara,BOM,HYD,30-10-2023 21:00,28-04-2023 09:00,31-12-2023 04:00,16-01-2023 23:00,On-time,126
FL1015,11-05-2023,GoAir,MAA,GOI,12-01-2023 06:00,04-10-2023 14:00,16-09-2023 23:00,17-05-2023 21:00,Delayed,209
FL1016,30-05-2023,Vistara,BOM,HYD,14-11-2023 01:00,02-08-2023 16:00,10-10-2023 00:00,25-11-2023 20:00,Delayed,236
FL1017,05-11-2023,SpiceJet,BLR,MAA,21-03-2023 05:00,08-08-2023 07:00,24-04-2023 00:00,15-06-2023 21:00,On-time,240
FL1018,15-09-2023,Vistara,BLR,GOI,04-08-2023 06:00,26-01-2023 17:00,29-12-2023 14:00,06-11-2023 20:00,On-time,215
FL1019,10-12-2023,GoAir,MAA,MAA,05-12-2023 13:00,09-01-2023 22:00,09-02-2023 19:00,10-04-2023 07:00,On-time,169
FL1020,21-10-2023,IndiGo,MAA,GOI,21-09-2023 17:00,28-09-2023 08:00,08-08-2023 18:00,19-04-2023 16:00,On-time,102
FL1021,11-07-2023,Vistara,BOM,PNQ,29-05-2023 14:00,10-01-2023 07:00,09-05-2023 09:00,09-12-2023 15:00,On-time,244
FL1022,04-10-2023,IndiGo,HYD,BOM,22-03-2023 01:00,01-05-2023 13:00,08-01-2023 17:00,22-06-2023 22:00,On-time,205
FL1023,10-06-2023,SpiceJet,BOM,DEL,03-08-2023 09:00,05-05-2023 17:00,11-04-2023 02:00,25-08-2023 09:00,On-time,180
FL1024,10-11-2023,Air India,MAA,HYD,17-07-2023 22:00,19-06-2023 21:00,25-06-2023 10:00,11-06-2023 09:00,Delayed,199
FL1025,22-01-2023,SpiceJet,CCU,PNQ,19-07-2023 11:00,13-03-2023 19:00,17-04-2023 14:00,04-08-2023 01:00,On-time,145
FL1026,10-09-2023,Vistara,MAA,BOM,25-01-2023 16:00,01-06-2023 19:00,11-04-2023 10:00,21-09-2023 08:00,On-time,215
FL1027,24-08-2023,IndiGo,CCU,DEL,30-03-2023 07:00,27-07-2023 20:00,17-09-2023 16:00,20-09-2023 16:00,On-time,249
FL1028,11-12-2023,IndiGo,DEL,CCU,25-09-2023 10:00,18-02-2023 11:00,03-09-2023 16:00,19-10-2023 10:00,Delayed,121
FL1029,18-02-2023,GoAir,MAA,BLR,23-05-2023 02:00,03-06-2023 18:00,02-10-2023 05:00,01-10-2023 09:00,Delayed,111
FL1030,28-02-2023,IndiGo,DEL,MAA,28-02-2023 05:00,13-12-2023 13:00,01-02-2023 04:00,03-01-2023 21:00,On-time,234
FL1031,19-06-2023,GoAir,HYD,CCU,31-12-2023 08:00,20-10-2023 16:00,17-05-2023 07:00,28-01-2023 16:00,Delayed,55
FL1032,07-07-2023,Air India,BOM,GOI,26-01-2023 05:00,09-03-2023 23:00,12-01-2023 01:00,22-11-2023 03:00,On-time,81
FL1033,28-09-2023,Vistara,CCU,DEL,16-02-2023 08:00,19-02-2023 20:00,29-10-2023 15:00,29-05-2023 15:00,On-time,148
FL1034,09-07-2023,GoAir,BOM,CCU,15-10-2023 06:00,01-06-2023 02:00,16-01-2023 19:00,28-01-2023 19:00,On-time,187
FL1035,24-06-2023,Air India,DEL,BLR,23-09-2023 08:00,19-01-2023 22:00,09-05-2023 23:00,06-11-2023 14:00,On-time,180
FL1036,20-02-2023,IndiGo,CCU,PNQ,16-01-2023 17:00,10-04-2023 06:00,04-03-2023 11:00,06-03-2023 20:00,Delayed,236
FL1037,30-12-2023,IndiGo,BOM,DEL,18-07-2023 11:00,01-03-2023 16:00,19-04-2023 05:00,22-12-2023 04:00,Delayed,125
FL1038,24-02-2023,Air India,MAA,CCU,09-10-2023 07:00,16-06-2023 11:00,21-01-2023 00:00,21-01-2023 05:00,On-time,226
FL1039,01-09-2023,IndiGo,BLR,MAA,27-03-2023 07:00,21-07-2023 08:00,07-06-2023 03:00,09-09-2023 16:00,On-time,108
FL1040,16-11-2023,Air India,DEL,MAA,07-09-2023 17:00,11-12-2023 14:00,26-09-2023 16:00,23-08-2023 00:00,On-time,80
FL1041,11-05-2023,GoAir,BOM,BOM,27-09-2023 19:00,26-05-2023 17:00,11-06-2023 12:00,15-08-2023 18:00,On-time,142
FL1042,03-11-2023,GoAir,DEL,CCU,01-12-2023 14:00,13-06-2023 20:00,17-09-2023 17:00,13-01-2023 03:00,On-time,118
FL1043,15-05-2023,Air India,PNQ,HYD,27-04-2023 06:00,30-08-2023 12:00,12-04-2023 04:00,09-11-2023 16:00,On-time,239
FL1044,21-01-2023,GoAir,DEL,CCU,07-01-2023 10:00,10-03-2023 20:00,11-08-2023 23:00,18-02-2023 08:00,On-time,101
FL1045,25-11-2023,GoAir,CCU,PNQ,17-05-2023 19:00,24-06-2023 07:00,28-02-2023 23:00,28-04-2023 23:00,On-time,138
FL1046,16-06-2023,GoAir,PNQ,DEL,25-06-2023 15:00,18-02-2023 13:00,04-09-2023 02:00,23-02-2023 01:00,On-time,176
FL1047,01-10-2023,SpiceJet,GOI,DEL,24-11-2023 03:00,18-04-2023 07:00,08-05-2023 10:00,18-05-2023 07:00,On-time,218
FL1048,30-03-2023,Vistara,CCU,PNQ,11-11-2023 05:00,14-08-2023 13:00,10-10-2023 12:00,22-02-2023 14:00,Delayed,80
FL1049,12-11-2023,IndiGo,BLR,CCU,03-08-2023 21:00,10-06-2023 06:00,21-11-2023 03:00,13-02-2023 06:00,On-time,133
FL1050,14-01-2023,SpiceJet,PNQ,PNQ,23-03-2023 02:00,29-04-2023 22:00,25-01-2023 13:00,30-10-2023 05:00,Cancelled,176
FL1051,30-08-2023,GoAir,GOI,BLR,11-08-2023 08:00,29-05-2023 11:00,11-05-2023 21:00,22-02-2023 00:00,On-time,199
FL1052,22-09-2023,Air India,MAA,GOI,13-04-2023 09:00,30-05-2023 10:00,19-12-2023 10:00,15-03-2023 14:00,Delayed,181
FL1053,12-12-2023,GoAir,DEL,PNQ,30-09-2023 13:00,20-10-2023 21:00,15-07-2023 09:00,15-02-2023 22:00,Delayed,62
FL1054,22-02-2023,Vistara,BOM,MAA,14-01-2023 10:00,23-05-2023 21:00,08-10-2023 18:00,13-01-2023 06:00,On-time,94
FL1055,06-12-2023,GoAir,HYD,PNQ,08-06-2023 17:00,09-06-2023 10:00,03-06-2023 17:00,14-06-2023 16:00,On-time,176
FL1056,02-04-2023,Air India,DEL,DEL,01-06-2023 21:00,11-01-2023 21:00,13-05-2023 05:00,12-04-2023 01:00,Delayed,219
FL1057,21-09-2023,Vistara,GOI,MAA,18-04-2023 11:00,18-05-2023 12:00,15-08-2023 14:00,07-10-2023 08:00,On-time,163
FL1058,04-02-2023,GoAir,DEL,DEL,07-07-2023 22:00,19-03-2023 17:00,08-07-2023 20:00,15-09-2023 08:00,On-time,226
FL1059,25-07-2023,Vistara,BLR,BOM,28-10-2023 11:00,18-03-2023 01:00,22-09-2023 09:00,03-12-2023 12:00,On-time,69
FL1060,22-03-2023,IndiGo,MAA,HYD,08-04-2023 12:00,11-09-2023 20:00,14-05-2023 04:00,22-12-2023 05:00,On-time,130
FL1061,19-02-2023,IndiGo,HYD,DEL,11-05-2023 12:00,15-09-2023 14:00,30-07-2023 04:00,18-05-2023 05:00,On-time,231
FL1062,26-12-2023,GoAir,PNQ,MAA,20-10-2023 18:00,16-11-2023 19:00,01-03-2023 09:00,12-06-2023 19:00,Delayed,213
FL1063,02-01-2023,Vistara,PNQ,BOM,20-06-2023 18:00,18-10-2023 17:00,30-12-2023 04:00,21-04-2023 19:00,On-time,178
FL1064,23-02-2023,Air India,PNQ,DEL,02-07-2023 22:00,20-09-2023 14:00,30-12-2023 02:00,12-04-2023 20:00,On-time,192
FL1065,16-04-2023,GoAir,GOI,BLR,30-12-2023 13:00,26-03-2023 18:00,01-08-2023 22:00,17-01-2023 02:00,Delayed,66
FL1066,17-09-2023,IndiGo,CCU,PNQ,08-02-2023 03:00,26-05-2023 22:00,04-08-2023 05:00,25-09-2023 16:00,On-time,201
FL1067,06-11-2023,IndiGo,CCU,HYD,15-01-2023 12:00,19-11-2023 23:00,14-08-2023 03:00,01-07-2023 16:00,Cancelled,107
FL1068,10-07-2023,GoAir,BOM,DEL,04-01-2023 07:00,11-02-2023 11:00,11-05-2023 17:00,24-01-2023 11:00,On-time,121
FL1069,06-08-2023,Vistara,HYD,BOM,15-12-2023 22:00,05-05-2023 12:00,17-03-2023 08:00,29-01-2023 15:00,On-time,158
FL1070,13-02-2023,IndiGo,PNQ,BLR,29-07-2023 20:00,16-06-2023 21:00,13-10-2023 16:00,20-06-2023 14:00,Delayed,72
FL1071,11-06-2023,Vistara,CCU,CCU,10-06-2023 22:00,29-08-2023 10:00,04-10-2023 12:00,16-08-2023 12:00,On-time,223
FL1072,21-07-2023,IndiGo,GOI,BOM,16-01-2023 18:00,07-10-2023 04:00,05-06-2023 14:00,07-07-2023 22:00,Delayed,121
FL1073,27-09-2023,IndiGo,BOM,PNQ,18-04-2023 11:00,07-07-2023 00:00,05-09-2023 19:00,12-12-2023 00:00,Cancelled,57
FL1074,17-12-2023,SpiceJet,MAA,BOM,07-11-2023 17:00,29-10-2023 23:00,06-08-2023 16:00,18-08-2023 16:00,Delayed,108
FL1075,31-10-2023,IndiGo,BOM,BLR,15-08-2023 05:00,19-01-2023 02:00,09-07-2023 12:00,17-11-2023 02:00,On-time,160
FL1076,28-09-2023,Air India,CCU,BOM,19-06-2023 17:00,09-03-2023 21:00,12-06-2023 15:00,06-12-2023 14:00,Delayed,236
FL1077,03-08-2023,GoAir,BLR,BLR,03-02-2023 18:00,06-08-2023 18:00,29-06-2023 21:00,29-04-2023 03:00,On-time,62
FL1078,09-09-2023,GoAir,GOI,DEL,08-09-2023 21:00,12-04-2023 22:00,03-02-2023 03:00,05-06-2023 03:00,On-time,216
FL1079,09-07-2023,Vistara,BLR,GOI,04-09-2023 04:00,11-02-2023 06:00,10-02-2023 04:00,29-09-2023 17:00,Delayed,205
FL1080,23-10-2023,IndiGo,PNQ,BLR,26-09-2023 23:00,15-10-2023 11:00,03-11-2023 04:00,24-06-2023 16:00,On-time,238
FL1081,01-08-2023,Air India,BLR,BLR,21-05-2023 08:00,16-06-2023 14:00,04-12-2023 08:00,14-04-2023 18:00,Delayed,65
FL1082,27-07-2023,Vistara,PNQ,HYD,01-10-2023 02:00,19-04-2023 04:00,10-11-2023 16:00,02-04-2023 10:00,Delayed,168
FL1083,25-08-2023,SpiceJet,PNQ,BLR,06-04-2023 09:00,05-02-2023 14:00,16-03-2023 12:00,05-07-2023 19:00,Delayed,51
FL1084,04-12-2023,Vistara,CCU,BLR,15-08-2023 18:00,20-08-2023 07:00,06-10-2023 01:00,10-10-2023 02:00,On-time,194
FL1085,22-02-2023,Vistara,BLR,CCU,08-02-2023 02:00,17-08-2023 09:00,25-06-2023 12:00,30-06-2023 07:00,Delayed,79
FL1086,07-10-2023,IndiGo,PNQ,GOI,29-10-2023 21:00,19-12-2023 15:00,30-05-2023 21:00,19-06-2023 13:00,On-time,152
FL1087,05-08-2023,SpiceJet,HYD,DEL,29-01-2023 14:00,13-06-2023 07:00,30-09-2023 20:00,06-07-2023 00:00,Delayed,62
FL1088,09-09-2023,Vistara,MAA,PNQ,14-11-2023 00:00,14-03-2023 00:00,21-11-2023 22:00,24-06-2023 13:00,On-time,145
FL1089,07-07-2023,Air India,BOM,HYD,02-09-2023 06:00,16-05-2023 11:00,18-04-2023 18:00,10-08-2023 01:00,On-time,143
FL1090,10-02-2023,Air India,BOM,CCU,24-08-2023 11:00,19-12-2023 04:00,19-05-2023 02:00,21-08-2023 22:00,On-time,131
FL1091,06-06-2023,GoAir,CCU,MAA,04-07-2023 16:00,11-03-2023 02:00,16-12-2023 09:00,11-06-2023 03:00,On-time,62
FL1092,15-01-2023,SpiceJet,BLR,GOI,29-09-2023 20:00,15-07-2023 00:00,28-09-2023 01:00,14-05-2023 23:00,On-time,220
FL1093,28-10-2023,SpiceJet,BLR,DEL,24-08-2023 23:00,26-09-2023 03:00,13-12-2023 12:00,12-08-2023 18:00,Delayed,143
FL1094,06-03-2023,GoAir,PNQ,DEL,27-08-2023 19:00,18-02-2023 07:00,16-10-2023 18:00,02-06-2023 05:00,On-time,198
FL1095,11-12-2023,Vistara,GOI,MAA,23-09-2023 04:00,12-11-2023 02:00,31-07-2023 16:00,02-02-2023 00:00,On-time,161
FL1096,23-11-2023,SpiceJet,DEL,PNQ,25-12-2023 03:00,10-05-2023 09:00,29-09-2023 20:00,24-02-2023 16:00,On-time,104
FL1097,09-01-2023,Air India,PNQ,BLR,06-12-2023 11:00,05-01-2023 01:00,07-03-2023 13:00,07-01-2023 07:00,On-time,130
FL1098,10-12-2023,Air India,MAA,CCU,06-03-2023 19:00,27-01-2023 10:00,05-09-2023 11:00,01-09-2023 18:00,On-time,217
FL1099,09-05-2023,IndiGo,HYD,BOM,26-06-2023 23:00,09-06-2023 09:00,05-06-2023 20:00,09-11-2023 20:00,On-time,165
FL1100,16-05-2023,SpiceJet,BOM,HYD,03-01-2023 17:00,29-05-2023 20:00,16-02-2023 11:00,06-05-2023 00:00,On-time,192
FL1101,04-03-2023,Vistara,PNQ,BOM,22-05-2023 16:00,21-09-2023 13:00,20-07-2023 10:00,12-01-2023 04:00,On-time,229
FL1102,19-05-2023,GoAir,DEL,MAA,07-06-2023 18:00,18-08-2023 06:00,28-05-2023 06:00,16-01-2023 15:00,On-time,157
FL1103,22-03-2023,GoAir,DEL,DEL,20-11-2023 08:00,19-07-2023 01:00,04-05-2023 03:00,27-07-2023 05:00,On-time,102
FL1104,12-06-2023,Vistara,PNQ,PNQ,26-05-2023 03:00,19-02-2023 08:00,01-01-2023 18:00,12-02-2023 07:00,On-time,177
FL1105,16-10-2023,IndiGo,CCU,DEL,20-10-2023 20:00,08-03-2023 15:00,04-09-2023 00:00,15-05-2023 12:00,Delayed,229
FL1106,18-09-2023,GoAir,BOM,HYD,02-06-2023 01:00,27-10-2023 12:00,09-12-2023 23:00,16-08-2023 15:00,Delayed,207
FL1107,19-08-2023,SpiceJet,CCU,DEL,12-07-2023 03:00,27-02-2023 08:00,08-05-2023 02:00,21-04-2023 02:00,On-time,210
FL1108,10-02-2023,IndiGo,HYD,DEL,14-03-2023 01:00,16-09-2023 19:00,10-07-2023 12:00,03-11-2023 18:00,Cancelled,106
FL1109,28-01-2023,SpiceJet,DEL,HYD,01-11-2023 14:00,08-12-2023 03:00,08-03-2023 14:00,09-06-2023 11:00,On-time,101
FL1110,15-05-2023,Air India,DEL,CCU,10-12-2023 01:00,22-11-2023 21:00,04-01-2023 01:00,27-11-2023 15:00,On-time,186
FL1111,20-07-2023,IndiGo,MAA,CCU,20-05-2023 03:00,10-05-2023 09:00,30-10-2023 10:00,21-09-2023 10:00,Cancelled,231
FL1112,24-11-2023,GoAir,HYD,HYD,06-07-2023 05:00,03-08-2023 21:00,21-10-2023 03:00,13-08-2023 09:00,On-time,160
FL1113,25-09-2023,IndiGo,DEL,PNQ,20-10-2023 06:00,21-06-2023 11:00,23-05-2023 18:00,05-08-2023 19:00,Delayed,50
FL1114,02-02-2023,IndiGo,HYD,MAA,02-03-2023 09:00,15-09-2023 16:00,10-07-2023 16:00,14-02-2023 03:00,On-time,93
FL1115,17-02-2023,IndiGo,BOM,GOI,17-07-2023 18:00,12-04-2023 13:00,21-01-2023 02:00,02-08-2023 11:00,On-time,124
FL1116,03-03-2023,IndiGo,BLR,DEL,22-10-2023 18:00,28-07-2023 13:00,15-08-2023 17:00,28-02-2023 22:00,On-time,147
FL1117,04-08-2023,SpiceJet,DEL,PNQ,15-11-2023 21:00,18-10-2023 01:00,09-11-2023 07:00,12-05-2023 01:00,Delayed,58
FL1118,20-10-2023,Air India,MAA,DEL,29-10-2023 11:00,20-12-2023 20:00,27-04-2023 21:00,14-04-2023 23:00,On-time,81
FL1119,09-04-2023,Vistara,BOM,GOI,10-12-2023 02:00,13-10-2023 19:00,29-10-2023 23:00,14-07-2023 21:00,Delayed,64
FL1120,21-06-2023,IndiGo,PNQ,MAA,11-01-2023 12:00,26-04-2023 10:00,22-05-2023 18:00,06-06-2023 18:00,On-time,189
FL1121,26-12-2023,GoAir,HYD,CCU,03-03-2023 17:00,21-09-2023 15:00,08-02-2023 04:00,08-04-2023 04:00,On-time,234
FL1122,02-08-2023,IndiGo,PNQ,PNQ,29-11-2023 07:00,30-05-2023 18:00,21-12-2023 06:00,14-08-2023 07:00,On-time,185
FL1123,04-02-2023,GoAir,CCU,BLR,14-08-2023 20:00,27-10-2023 22:00,09-09-2023 20:00,24-07-2023 06:00,On-time,121
FL1124,15-08-2023,SpiceJet,BOM,BLR,02-06-2023 14:00,05-02-2023 05:00,29-11-2023 07:00,20-03-2023 13:00,Delayed,204
FL1125,11-04-2023,GoAir,PNQ,GOI,18-07-2023 00:00,29-11-2023 23:00,26-07-2023 04:00,04-05-2023 23:00,On-time,239
FL1126,11-05-2023,Vistara,GOI,BLR,21-02-2023 02:00,14-10-2023 18:00,29-07-2023 16:00,06-08-2023 22:00,Delayed,61
FL1127,14-09-2023,Air India,GOI,CCU,17-09-2023 07:00,30-10-2023 04:00,25-04-2023 04:00,04-01-2023 02:00,Delayed,114
FL1128,05-01-2023,GoAir,DEL,GOI,28-02-2023 03:00,07-11-2023 03:00,13-08-2023 03:00,31-03-2023 17:00,On-time,156
FL1129,06-08-2023,GoAir,HYD,CCU,13-03-2023 15:00,27-07-2023 14:00,14-05-2023 21:00,14-04-2023 15:00,On-time,91
FL1130,12-09-2023,Air India,BLR,MAA,28-05-2023 22:00,16-04-2023 03:00,08-09-2023 18:00,29-04-2023 22:00,On-time,239
FL1131,25-12-2023,Vistara,BOM,DEL,15-12-2023 09:00,07-06-2023 19:00,07-08-2023 20:00,13-05-2023 18:00,On-time,164
FL1132,10-10-2023,IndiGo,DEL,MAA,04-03-2023 11:00,01-05-2023 09:00,01-04-2023 01:00,08-11-2023 18:00,On-time,188
FL1133,26-07-2023,GoAir,MAA,MAA,06-11-2023 13:00,24-02-2023 23:00,20-12-2023 10:00,06-04-2023 17:00,On-time,152
FL1134,15-01-2023,Air India,CCU,CCU,31-08-2023 13:00,12-01-2023 21:00,15-02-2023 21:00,27-11-2023 19:00,On-time,220
FL1135,12-12-2023,SpiceJet,HYD,GOI,26-11-2023 01:00,25-05-2023 02:00,07-02-2023 12:00,23-05-2023 15:00,On-time,144
FL1136,11-02-2023,Air India,BOM,GOI,17-04-2023 22:00,16-05-2023 04:00,22-05-2023 14:00,15-10-2023 07:00,On-time,66
FL1137,28-06-2023,SpiceJet,GOI,BLR,14-08-2023 04:00,03-01-2023 05:00,10-04-2023 11:00,28-01-2023 00:00,On-time,209
FL1138,04-03-2023,Vistara,BOM,BOM,09-11-2023 04:00,24-05-2023 20:00,24-11-2023 21:00,05-10-2023 16:00,On-time,134
FL1139,18-12-2023,IndiGo,BLR,DEL,06-08-2023 05:00,30-01-2023 21:00,09-07-2023 20:00,21-08-2023 11:00,Delayed,217
FL1140,19-08-2023,Air India,GOI,CCU,29-08-2023 12:00,25-08-2023 07:00,04-02-2023 21:00,17-01-2023 20:00,On-time,200
FL1141,29-08-2023,GoAir,BLR,BLR,16-09-2023 08:00,06-10-2023 06:00,27-05-2023 10:00,28-02-2023 10:00,On-time,105
FL1142,21-02-2023,Vistara,MAA,PNQ,19-09-2023 21:00,14-12-2023 20:00,30-01-2023 06:00,31-03-2023 04:00,Delayed,183
FL1143,06-04-2023,Air India,CCU,BOM,05-01-2023 14:00,25-04-2023 09:00,30-11-2023 04:00,18-07-2023 11:00,On-time,135
FL1144,10-08-2023,GoAir,MAA,BOM,18-09-2023 13:00,14-04-2023 05:00,25-03-2023 16:00,28-12-2023 16:00,On-time,227
FL1145,19-08-2023,Air India,DEL,CCU,23-02-2023 23:00,28-04-2023 13:00,08-10-2023 23:00,26-01-2023 05:00,On-time,151
FL1146,25-08-2023,SpiceJet,DEL,HYD,16-02-2023 06:00,05-01-2023 03:00,10-12-2023 19:00,25-01-2023 00:00,On-time,214
FL1147,23-05-2023,Air India,MAA,DEL,03-08-2023 19:00,26-12-2023 12:00,27-09-2023 08:00,28-10-2023 04:00,On-time,241
FL1148,20-06-2023,Air India,CCU,BOM,26-06-2023 01:00,05-09-2023 19:00,03-06-2023 13:00,05-12-2023 13:00,On-time,103
FL1149,29-01-2023,Air India,MAA,CCU,09-01-2023 06:00,30-12-2023 16:00,12-04-2023 11:00,24-09-2023 04:00,On-time,249
FL1150,05-02-2023,Vistara,CCU,CCU,09-04-2023 05:00,17-11-2023 22:00,03-08-2023 05:00,30-06-2023 21:00,On-time,226
FL1151,13-01-2023,Air India,CCU,BLR,20-01-2023 16:00,01-05-2023 06:00,30-05-2023 16:00,26-12-2023 23:00,Delayed,164
FL1152,09-06-2023,GoAir,PNQ,PNQ,29-08-2023 01:00,13-10-2023 03:00,24-03-2023 18:00,09-03-2023 00:00,Delayed,188
FL1153,23-11-2023,SpiceJet,GOI,HYD,02-03-2023 02:00,29-05-2023 13:00,20-04-2023 18:00,17-12-2023 17:00,On-time,137
FL1154,06-07-2023,SpiceJet,HYD,DEL,27-06-2023 04:00,25-03-2023 02:00,02-10-2023 15:00,17-11-2023 15:00,Delayed,98
FL1155,31-08-2023,Air India,CCU,GOI,04-12-2023 04:00,19-08-2023 23:00,20-07-2023 11:00,18-02-2023 08:00,On-time,198
FL1156,27-03-2023,Vistara,BLR,MAA,03-03-2023 00:00,15-10-2023 04:00,11-10-2023 11:00,24-06-2023 18:00,On-time,164
FL1157,11-10-2023,Vistara,CCU,PNQ,25-05-2023 07:00,10-06-2023 15:00,22-06-2023 19:00,21-02-2023 21:00,Delayed,243
FL1158,07-03-2023,GoAir,CCU,PNQ,04-08-2023 11:00,29-09-2023 22:00,23-11-2023 05:00,12-04-2023 04:00,On-time,112
FL1159,19-06-2023,Air India,CCU,BLR,03-01-2023 23:00,07-02-2023 19:00,25-07-2023 22:00,04-08-2023 01:00,On-time,153
FL1160,14-02-2023,SpiceJet,PNQ,GOI,09-06-2023 03:00,14-08-2023 03:00,04-03-2023 03:00,07-07-2023 14:00,On-time,132
FL1161,03-03-2023,Vistara,GOI,BOM,15-08-2023 12:00,22-05-2023 23:00,14-03-2023 05:00,26-02-2023 06:00,On-time,152
FL1162,14-05-2023,Air India,PNQ,BOM,26-09-2023 22:00,19-10-2023 23:00,08-09-2023 10:00,16-02-2023 03:00,Delayed,205
FL1163,11-10-2023,Vistara,DEL,BLR,30-04-2023 14:00,31-05-2023 01:00,04-05-2023 00:00,08-06-2023 00:00,Delayed,66
FL1164,28-01-2023,Vistara,PNQ,CCU,30-03-2023 10:00,24-04-2023 17:00,01-05-2023 23:00,23-06-2023 12:00,Delayed,55
FL1165,18-04-2023,SpiceJet,BLR,BOM,25-11-2023 09:00,25-08-2023 18:00,02-10-2023 22:00,30-08-2023 19:00,Delayed,196
FL1166,13-02-2023,IndiGo,BLR,HYD,09-03-2023 02:00,07-03-2023 18:00,30-04-2023 14:00,09-10-2023 21:00,On-time,233
FL1167,06-12-2023,GoAir,PNQ,DEL,23-12-2023 21:00,27-12-2023 16:00,13-11-2023 10:00,29-08-2023 06:00,On-time,77
FL1168,13-10-2023,GoAir,GOI,PNQ,08-04-2023 13:00,07-12-2023 13:00,13-06-2023 18:00,05-01-2023 14:00,On-time,243
FL1169,27-11-2023,SpiceJet,MAA,PNQ,24-09-2023 15:00,15-09-2023 18:00,13-10-2023 17:00,25-03-2023 22:00,On-time,87
FL1170,08-05-2023,Vistara,HYD,HYD,15-04-2023 09:00,06-09-2023 21:00,22-09-2023 16:00,04-11-2023 13:00,On-time,168
FL1171,14-12-2023,Air India,GOI,GOI,19-11-2023 09:00,27-11-2023 23:00,16-11-2023 18:00,27-12-2023 22:00,Cancelled,86
FL1172,19-08-2023,Vistara,PNQ,BOM,03-05-2023 11:00,19-11-2023 12:00,10-06-2023 20:00,05-09-2023 18:00,On-time,164
FL1173,09-07-2023,SpiceJet,CCU,PNQ,29-01-2023 08:00,29-06-2023 11:00,04-11-2023 13:00,23-02-2023 21:00,On-time,117
FL1174,13-08-2023,GoAir,BOM,MAA,17-05-2023 00:00,09-07-2023 05:00,30-03-2023 17:00,10-06-2023 23:00,On-time,226
FL1175,10-10-2023,Vistara,HYD,GOI,14-07-2023 04:00,03-06-2023 20:00,22-05-2023 18:00,14-08-2023 19:00,On-time,92
FL1176,01-05-2023,GoAir,HYD,DEL,14-08-2023 19:00,15-07-2023 03:00,22-07-2023 14:00,15-01-2023 23:00,Delayed,213
FL1177,26-04-2023,Air India,BLR,DEL,28-11-2023 07:00,07-11-2023 18:00,05-11-2023 14:00,12-08-2023 17:00,On-time,107
FL1178,21-08-2023,GoAir,HYD,PNQ,19-06-2023 10:00,19-09-2023 15:00,15-08-2023 03:00,02-03-2023 09:00,On-time,62
FL1179,16-09-2023,GoAir,PNQ,BLR,09-01-2023 11:00,23-05-2023 12:00,30-11-2023 06:00,02-05-2023 08:00,Delayed,101
FL1180,25-12-2023,IndiGo,CCU,GOI,09-02-2023 00:00,08-12-2023 03:00,10-08-2023 12:00,04-10-2023 07:00,On-time,107
FL1181,17-07-2023,IndiGo,CCU,PNQ,25-01-2023 21:00,12-11-2023 22:00,10-02-2023 02:00,15-02-2023 09:00,On-time,81
FL1182,17-05-2023,IndiGo,DEL,BLR,18-09-2023 19:00,11-04-2023 16:00,15-07-2023 15:00,21-10-2023 16:00,On-time,154
FL1183,14-11-2023,GoAir,CCU,PNQ,14-08-2023 10:00,01-09-2023 22:00,09-03-2023 08:00,03-03-2023 01:00,Delayed,237
FL1184,14-06-2023,SpiceJet,GOI,MAA,04-05-2023 04:00,12-01-2023 00:00,21-09-2023 07:00,27-03-2023 05:00,On-time,132
FL1185,13-08-2023,GoAir,CCU,GOI,07-02-2023 14:00,27-08-2023 17:00,02-01-2023 19:00,29-07-2023 04:00,Delayed,235
FL1186,03-11-2023,SpiceJet,BLR,CCU,24-11-2023 04:00,18-02-2023 19:00,27-12-2023 12:00,19-03-2023 08:00,Delayed,148
FL1187,22-08-2023,SpiceJet,CCU,DEL,08-09-2023 11:00,11-02-2023 16:00,05-05-2023 16:00,21-07-2023 04:00,On-time,153
FL1188,21-06-2023,IndiGo,DEL,PNQ,25-06-2023 04:00,15-06-2023 14:00,20-04-2023 16:00,29-10-2023 17:00,Cancelled,233
FL1189,01-06-2023,Vistara,BOM,MAA,31-03-2023 16:00,23-03-2023 10:00,27-03-2023 16:00,11-08-2023 19:00,Delayed,77
FL1190,11-11-2023,Air India,PNQ,BLR,06-02-2023 16:00,18-10-2023 21:00,30-04-2023 00:00,10-08-2023 08:00,Delayed,178
FL1191,09-06-2023,IndiGo,BLR,BLR,12-11-2023 23:00,07-06-2023 12:00,07-05-2023 07:00,03-01-2023 16:00,Delayed,219
FL1192,06-04-2023,IndiGo,GOI,DEL,25-06-2023 11:00,04-08-2023 00:00,12-09-2023 18:00,06-01-2023 16:00,On-time,97
FL1193,21-08-2023,Vistara,BOM,HYD,11-10-2023 23:00,07-06-2023 16:00,02-07-2023 05:00,03-04-2023 11:00,On-time,89
FL1194,29-06-2023,Air India,BLR,PNQ,22-03-2023 14:00,14-05-2023 05:00,16-01-2023 02:00,08-01-2023 06:00,On-time,146
FL1195,23-04-2023,GoAir,MAA,GOI,24-04-2023 14:00,08-03-2023 03:00,03-03-2023 04:00,23-08-2023 02:00,On-time,240
FL1196,14-11-2023,GoAir,HYD,BOM,09-02-2023 05:00,02-12-2023 19:00,07-06-2023 12:00,18-04-2023 09:00,On-time,249
FL1197,21-02-2023,IndiGo,MAA,BLR,28-10-2023 11:00,07-01-2023 15:00,25-09-2023 14:00,10-06-2023 01:00,Delayed,163
FL1198,25-09-2023,Air India,CCU,GOI,12-08-2023 19:00,14-01-2023 14:00,04-02-2023 13:00,28-07-2023 02:00,Delayed,181
FL1199,22-10-2023,IndiGo,BOM,GOI,14-11-2023 17:00,14-03-2023 14:00,24-09-2023 22:00,28-08-2023 15:00,On-time,215
FL1200,23-04-2023,SpiceJet,CCU,CCU,15-12-2023 13:00,12-06-2023 05:00,05-03-2023 15:00,27-11-2023 01:00,Delayed,204
FL1201,11-04-2023,IndiGo,HYD,GOI,25-04-2023 01:00,07-03-2023 14:00,19-02-2023 17:00,29-11-2023 23:00,Delayed,186
FL1202,23-04-2023,IndiGo,BLR,GOI,05-07-2023 08:00,13-12-2023 13:00,12-09-2023 21:00,19-02-2023 09:00,On-time,160
FL1203,22-03-2023,GoAir,HYD,CCU,19-11-2023 04:00,10-05-2023 10:00,29-05-2023 21:00,11-01-2023 05:00,On-time,193
FL1204,06-07-2023,GoAir,DEL,BLR,25-02-2023 19:00,25-07-2023 06:00,21-11-2023 10:00,17-12-2023 21:00,On-time,233
FL1205,23-04-2023,GoAir,HYD,GOI,09-02-2023 00:00,03-10-2023 08:00,31-10-2023 02:00,05-06-2023 10:00,Delayed,125
FL1206,02-01-2023,SpiceJet,DEL,HYD,20-12-2023 22:00,13-09-2023 15:00,03-10-2023 21:00,11-03-2023 22:00,On-time,80
FL1207,10-05-2023,GoAir,HYD,HYD,09-02-2023 02:00,23-09-2023 04:00,23-12-2023 09:00,18-06-2023 06:00,On-time,168
FL1208,08-08-2023,Air India,PNQ,MAA,13-12-2023 05:00,25-01-2023 19:00,21-06-2023 09:00,29-09-2023 14:00,On-time,191
FL1209,23-02-2023,Vistara,DEL,CCU,25-08-2023 04:00,08-10-2023 09:00,20-07-2023 20:00,09-03-2023 05:00,Delayed,74
FL1210,09-12-2023,Air India,BOM,MAA,16-10-2023 20:00,10-09-2023 17:00,20-11-2023 15:00,21-12-2023 19:00,Delayed,83
FL1211,12-08-2023,Air India,CCU,CCU,19-09-2023 04:00,06-11-2023 02:00,04-02-2023 11:00,09-09-2023 08:00,Delayed,116
FL1212,13-08-2023,GoAir,GOI,PNQ,04-08-2023 00:00,16-10-2023 12:00,04-08-2023 01:00,17-02-2023 21:00,Cancelled,201
FL1213,06-05-2023,Vistara,CCU,PNQ,27-05-2023 16:00,13-06-2023 10:00,06-03-2023 08:00,03-07-2023 19:00,Delayed,167
FL1214,10-05-2023,Vistara,MAA,GOI,02-12-2023 18:00,05-04-2023 16:00,08-01-2023 23:00,16-11-2023 11:00,Delayed,122
FL1215,22-02-2023,Vistara,CCU,BOM,17-06-2023 13:00,27-09-2023 21:00,28-10-2023 02:00,06-07-2023 18:00,Delayed,75
FL1216,21-06-2023,SpiceJet,BLR,PNQ,02-04-2023 11:00,17-11-2023 12:00,09-12-2023 23:00,31-03-2023 19:00,Delayed,197
FL1217,06-08-2023,GoAir,PNQ,BOM,19-12-2023 09:00,20-04-2023 05:00,28-11-2023 14:00,28-11-2023 02:00,On-time,241
FL1218,09-06-2023,Vistara,HYD,PNQ,28-02-2023 19:00,02-12-2023 16:00,17-03-2023 02:00,19-05-2023 14:00,On-time,153
FL1219,17-07-2023,SpiceJet,MAA,DEL,28-02-2023 20:00,06-11-2023 12:00,23-06-2023 18:00,23-12-2023 01:00,On-time,59
FL1220,04-09-2023,IndiGo,BLR,PNQ,31-10-2023 17:00,26-08-2023 18:00,16-02-2023 17:00,30-03-2023 20:00,On-time,116
FL1221,20-11-2023,IndiGo,BLR,MAA,18-06-2023 23:00,25-01-2023 20:00,15-01-2023 07:00,01-10-2023 01:00,On-time,201
FL1222,22-07-2023,SpiceJet,DEL,BLR,26-09-2023 10:00,21-05-2023 18:00,27-12-2023 16:00,19-01-2023 21:00,On-time,54
FL1223,03-07-2023,SpiceJet,CCU,GOI,29-12-2023 01:00,27-04-2023 09:00,27-05-2023 07:00,07-11-2023 02:00,Cancelled,244
FL1224,03-05-2023,GoAir,BOM,MAA,14-02-2023 17:00,25-01-2023 02:00,26-01-2023 06:00,24-12-2023 05:00,Delayed,235
FL1225,12-09-2023,GoAir,GOI,BLR,11-12-2023 06:00,20-03-2023 13:00,04-11-2023 06:00,03-06-2023 14:00,Delayed,76
FL1226,21-10-2023,IndiGo,BOM,HYD,30-06-2023 23:00,09-03-2023 18:00,03-04-2023 02:00,17-09-2023 09:00,On-time,162
FL1227,07-10-2023,Vistara,MAA,MAA,19-06-2023 14:00,22-06-2023 04:00,20-08-2023 00:00,18-04-2023 08:00,On-time,64
FL1228,21-11-2023,IndiGo,PNQ,HYD,22-12-2023 10:00,12-01-2023 04:00,21-01-2023 03:00,12-10-2023 00:00,On-time,212
FL1229,08-04-2023,Vistara,BOM,BOM,10-07-2023 17:00,15-10-2023 19:00,03-11-2023 04:00,28-02-2023 15:00,On-time,154
FL1230,17-07-2023,Vistara,HYD,BOM,04-06-2023 22:00,08-05-2023 16:00,07-02-2023 00:00,05-05-2023 05:00,On-time,230
FL1231,28-08-2023,GoAir,BOM,DEL,07-07-2023 11:00,06-04-2023 20:00,03-10-2023 14:00,20-12-2023 08:00,On-time,93
FL1232,24-05-2023,Air India,MAA,PNQ,07-01-2023 05:00,02-04-2023 09:00,06-06-2023 04:00,30-09-2023 03:00,Delayed,75
FL1233,07-04-2023,Air India,GOI,MAA,13-05-2023 19:00,21-05-2023 04:00,28-06-2023 12:00,17-04-2023 01:00,Delayed,224
FL1234,20-07-2023,SpiceJet,BOM,HYD,23-08-2023 22:00,31-01-2023 03:00,12-05-2023 07:00,26-10-2023 03:00,On-time,211
FL1235,04-05-2023,GoAir,HYD,BLR,14-02-2023 12:00,30-11-2023 05:00,07-11-2023 07:00,02-09-2023 00:00,On-time,144
FL1236,06-07-2023,Vistara,DEL,BOM,10-11-2023 19:00,20-01-2023 03:00,14-12-2023 04:00,02-12-2023 18:00,On-time,227
FL1237,22-11-2023,Air India,PNQ,PNQ,06-09-2023 15:00,26-05-2023 06:00,28-01-2023 08:00,04-09-2023 09:00,On-time,133
FL1238,15-12-2023,Vistara,MAA,BOM,31-01-2023 17:00,12-11-2023 06:00,17-09-2023 00:00,08-01-2023 20:00,Delayed,189
FL1239,16-09-2023,Air India,DEL,BLR,23-01-2023 09:00,09-06-2023 17:00,17-03-2023 03:00,21-05-2023 14:00,On-time,181
FL1240,28-05-2023,Air India,DEL,PNQ,09-06-2023 22:00,15-12-2023 02:00,08-03-2023 02:00,28-12-2023 21:00,On-time,136
FL1241,09-09-2023,Air India,DEL,PNQ,29-12-2023 07:00,12-02-2023 00:00,08-12-2023 01:00,08-01-2023 18:00,On-time,225
FL1242,12-12-2023,GoAir,BLR,HYD,07-06-2023 17:00,11-09-2023 23:00,13-07-2023 07:00,18-12-2023 15:00,On-time,232
FL1243,27-05-2023,IndiGo,PNQ,HYD,08-02-2023 20:00,10-05-2023 03:00,11-06-2023 22:00,04-04-2023 20:00,On-time,161
FL1244,28-05-2023,Vistara,GOI,MAA,23-03-2023 00:00,01-03-2023 05:00,13-12-2023 08:00,17-11-2023 23:00,Delayed,178
FL1245,18-12-2023,GoAir,CCU,MAA,22-12-2023 22:00,31-05-2023 08:00,27-12-2023 01:00,08-02-2023 21:00,On-time,138
FL1246,18-07-2023,GoAir,PNQ,CCU,15-09-2023 07:00,14-10-2023 21:00,14-09-2023 13:00,22-03-2023 03:00,On-time,115
FL1247,04-11-2023,GoAir,BLR,GOI,25-07-2023 05:00,05-01-2023 13:00,13-03-2023 13:00,06-07-2023 01:00,On-time,207
FL1248,08-05-2023,GoAir,CCU,CCU,18-03-2023 04:00,23-09-2023 11:00,28-03-2023 03:00,25-03-2023 12:00,On-time,180
FL1249,08-02-2023,GoAir,PNQ,DEL,12-01-2023 14:00,11-12-2023 19:00,19-09-2023 05:00,29-03-2023 00:00,Delayed,171
FL1250,04-12-2023,SpiceJet,DEL,BOM,22-10-2023 21:00,10-05-2023 23:00,02-08-2023 10:00,30-08-2023 16:00,On-time,198
FL1251,26-12-2023,Vistara,MAA,MAA,12-08-2023 14:00,24-09-2023 03:00,02-06-2023 02:00,08-12-2023 12:00,On-time,133
FL1252,09-05-2023,GoAir,CCU,HYD,13-01-2023 01:00,27-06-2023 20:00,29-07-2023 07:00,03-04-2023 03:00,On-time,226
FL1253,24-09-2023,Vistara,HYD,BLR,15-02-2023 00:00,10-09-2023 23:00,02-03-2023 02:00,27-03-2023 06:00,On-time,165
FL1254,31-05-2023,SpiceJet,HYD,HYD,04-06-2023 22:00,25-02-2023 11:00,25-09-2023 13:00,13-02-2023 16:00,On-time,239
FL1255,25-10-2023,SpiceJet,BOM,BOM,23-04-2023 22:00,24-03-2023 09:00,19-09-2023 12:00,17-05-2023 08:00,On-time,165
FL1256,09-04-2023,Vistara,CCU,CCU,21-08-2023 10:00,09-04-2023 21:00,06-08-2023 12:00,15-03-2023 03:00,On-time,87
FL1257,20-09-2023,Air India,MAA,HYD,17-01-2023 09:00,29-05-2023 06:00,10-10-2023 01:00,05-02-2023 18:00,Delayed,192
FL1258,09-09-2023,IndiGo,GOI,GOI,26-12-2023 17:00,25-11-2023 02:00,16-05-2023 12:00,11-04-2023 00:00,On-time,159
FL1259,24-05-2023,Air India,BLR,DEL,11-08-2023 17:00,05-06-2023 22:00,28-12-2023 18:00,05-06-2023 09:00,Delayed,229
FL1260,12-12-2023,Air India,DEL,BOM,20-12-2023 16:00,09-07-2023 13:00,03-04-2023 05:00,12-09-2023 03:00,On-time,95
FL1261,22-04-2023,Air India,BOM,CCU,07-07-2023 07:00,20-09-2023 23:00,19-04-2023 15:00,20-06-2023 08:00,Delayed,74
FL1262,01-03-2023,GoAir,HYD,GOI,10-12-2023 14:00,21-03-2023 09:00,29-08-2023 01:00,04-08-2023 12:00,Delayed,70
FL1263,02-01-2023,SpiceJet,BLR,BLR,31-12-2023 07:00,09-09-2023 15:00,21-12-2023 07:00,19-06-2023 13:00,On-time,170
FL1264,31-10-2023,Air India,BLR,CCU,12-06-2023 16:00,07-04-2023 15:00,22-05-2023 16:00,09-09-2023 09:00,Delayed,171
FL1265,11-09-2023,SpiceJet,DEL,PNQ,22-11-2023 11:00,17-09-2023 21:00,18-10-2023 22:00,26-12-2023 05:00,On-time,182
FL1266,20-05-2023,Vistara,GOI,GOI,15-03-2023 07:00,17-09-2023 09:00,25-08-2023 01:00,18-11-2023 15:00,Delayed,119
FL1267,06-02-2023,IndiGo,GOI,GOI,21-08-2023 13:00,13-04-2023 12:00,06-12-2023 09:00,24-02-2023 05:00,On-time,162
FL1268,09-06-2023,Vistara,CCU,DEL,12-08-2023 03:00,09-02-2023 05:00,08-11-2023 15:00,01-04-2023 16:00,On-time,156
FL1269,09-01-2023,Vistara,HYD,BOM,15-11-2023 00:00,30-09-2023 11:00,26-06-2023 05:00,05-10-2023 09:00,On-time,161
FL1270,21-08-2023,GoAir,GOI,BLR,01-03-2023 00:00,11-04-2023 08:00,21-05-2023 01:00,11-04-2023 17:00,Cancelled,157
FL1271,09-04-2023,IndiGo,MAA,DEL,01-12-2023 18:00,25-12-2023 12:00,08-07-2023 01:00,04-06-2023 21:00,On-time,96
FL1272,27-05-2023,Vistara,GOI,CCU,10-08-2023 15:00,04-11-2023 03:00,18-02-2023 12:00,15-12-2023 17:00,On-time,245
FL1273,31-10-2023,Vistara,BLR,DEL,06-02-2023 13:00,09-08-2023 23:00,29-10-2023 23:00,30-12-2023 02:00,Delayed,140
FL1274,27-07-2023,IndiGo,DEL,GOI,05-10-2023 20:00,04-11-2023 10:00,09-07-2023 14:00,21-05-2023 19:00,Delayed,67
FL1275,11-05-2023,IndiGo,MAA,BOM,15-07-2023 15:00,04-05-2023 19:00,16-05-2023 01:00,22-06-2023 20:00,On-time,198
FL1276,01-06-2023,Vistara,CCU,MAA,18-12-2023 04:00,19-08-2023 17:00,12-02-2023 06:00,10-01-2023 14:00,On-time,153
FL1277,23-02-2023,IndiGo,HYD,DEL,30-08-2023 08:00,27-06-2023 10:00,19-12-2023 02:00,16-08-2023 14:00,On-time,200
FL1278,30-04-2023,Vistara,CCU,PNQ,20-11-2023 01:00,04-03-2023 20:00,31-03-2023 07:00,22-09-2023 03:00,On-time,241
FL1279,10-06-2023,Vistara,BLR,DEL,07-08-2023 17:00,26-04-2023 03:00,22-10-2023 22:00,05-09-2023 08:00,On-time,244
FL1280,26-04-2023,GoAir,MAA,CCU,11-07-2023 05:00,10-07-2023 17:00,07-12-2023 13:00,04-09-2023 18:00,Delayed,89
FL1281,16-03-2023,Air India,MAA,CCU,17-01-2023 08:00,03-03-2023 00:00,02-09-2023 23:00,04-06-2023 23:00,On-time,187
FL1282,23-04-2023,Vistara,MAA,BLR,12-01-2023 00:00,13-09-2023 06:00,11-07-2023 22:00,03-02-2023 16:00,On-time,138
FL1283,14-04-2023,SpiceJet,BLR,CCU,12-07-2023 08:00,07-01-2023 05:00,14-11-2023 21:00,09-05-2023 10:00,On-time,229
FL1284,06-12-2023,Air India,BLR,HYD,22-01-2023 15:00,04-06-2023 14:00,16-04-2023 06:00,09-06-2023 08:00,On-time,249
FL1285,11-09-2023,Air India,CCU,BOM,30-04-2023 12:00,02-04-2023 17:00,29-12-2023 20:00,30-03-2023 09:00,On-time,110
FL1286,15-08-2023,Air India,BOM,BOM,29-07-2023 08:00,14-01-2023 23:00,06-11-2023 06:00,03-04-2023 17:00,On-time,241
FL1287,22-04-2023,GoAir,CCU,MAA,02-11-2023 20:00,17-08-2023 10:00,21-08-2023 00:00,23-11-2023 19:00,On-time,54
FL1288,09-04-2023,Vistara,HYD,MAA,27-09-2023 12:00,27-03-2023 19:00,22-09-2023 16:00,29-08-2023 12:00,Delayed,171
FL1289,02-06-2023,GoAir,DEL,BOM,11-07-2023 08:00,13-05-2023 23:00,10-12-2023 08:00,19-11-2023 07:00,On-time,230
FL1290,15-12-2023,Vistara,MAA,PNQ,24-06-2023 10:00,02-07-2023 14:00,06-02-2023 20:00,27-04-2023 06:00,Cancelled,104
FL1291,04-12-2023,GoAir,BOM,MAA,12-10-2023 03:00,03-03-2023 15:00,01-11-2023 12:00,04-04-2023 16:00,Delayed,86
FL1292,13-07-2023,GoAir,DEL,BLR,23-07-2023 01:00,07-08-2023 06:00,10-02-2023 20:00,12-06-2023 20:00,On-time,105
FL1293,06-11-2023,SpiceJet,BOM,CCU,13-06-2023 05:00,03-09-2023 20:00,17-01-2023 18:00,09-04-2023 22:00,Delayed,236
FL1294,12-06-2023,GoAir,GOI,BOM,08-09-2023 13:00,18-08-2023 09:00,10-12-2023 20:00,23-04-2023 14:00,On-time,151
FL1295,27-07-2023,IndiGo,GOI,GOI,15-08-2023 03:00,20-03-2023 11:00,04-10-2023 18:00,25-12-2023 19:00,On-time,142
FL1296,18-06-2023,SpiceJet,PNQ,MAA,07-01-2023 05:00,29-05-2023 23:00,03-11-2023 21:00,01-04-2023 14:00,Delayed,246
FL1297,10-06-2023,GoAir,GOI,BOM,29-01-2023 18:00,18-05-2023 13:00,28-02-2023 16:00,12-12-2023 00:00,On-time,122
FL1298,09-03-2023,Air India,CCU,HYD,02-02-2023 05:00,10-11-2023 04:00,02-07-2023 22:00,25-07-2023 13:00,On-time,108
FL1299,16-10-2023,IndiGo,GOI,DEL,14-05-2023 01:00,06-03-2023 20:00,10-02-2023 22:00,17-01-2023 04:00,Delayed,51
FL1300,04-10-2023,IndiGo,BLR,CCU,20-03-2023 17:00,13-01-2023 17:00,08-02-2023 09:00,01-10-2023 10:00,On-time,242
FL1301,31-10-2023,IndiGo,MAA,BOM,27-02-2023 12:00,01-08-2023 04:00,11-07-2023 09:00,22-06-2023 15:00,On-time,153
FL1302,15-05-2023,SpiceJet,CCU,DEL,26-01-2023 08:00,30-08-2023 02:00,24-09-2023 03:00,26-04-2023 01:00,Delayed,237
FL1303,14-07-2023,GoAir,DEL,MAA,14-08-2023 22:00,01-08-2023 22:00,27-05-2023 07:00,15-12-2023 07:00,On-time,100
FL1304,08-05-2023,GoAir,PNQ,DEL,12-10-2023 18:00,30-06-2023 04:00,29-11-2023 21:00,30-06-2023 10:00,On-time,79
FL1305,02-02-2023,Air India,PNQ,CCU,04-01-2023 12:00,04-12-2023 23:00,07-05-2023 19:00,01-04-2023 17:00,On-time,60
FL1306,25-06-2023,Air India,PNQ,BOM,09-04-2023 10:00,22-06-2023 16:00,15-02-2023 19:00,23-03-2023 02:00,On-time,157
FL1307,22-01-2023,IndiGo,DEL,HYD,08-02-2023 00:00,09-06-2023 18:00,14-02-2023 17:00,20-11-2023 00:00,On-time,125
FL1308,26-08-2023,Air India,DEL,PNQ,28-09-2023 23:00,13-06-2023 18:00,01-01-2023 13:00,24-04-2023 10:00,Cancelled,216
FL1309,07-06-2023,SpiceJet,DEL,MAA,12-10-2023 21:00,07-07-2023 20:00,17-06-2023 17:00,14-09-2023 15:00,On-time,139
FL1310,07-02-2023,GoAir,DEL,BOM,06-06-2023 06:00,10-07-2023 11:00,18-04-2023 13:00,27-02-2023 17:00,On-time,172
FL1311,18-08-2023,IndiGo,PNQ,CCU,16-03-2023 20:00,04-11-2023 08:00,19-01-2023 19:00,03-06-2023 15:00,Delayed,249
FL1312,31-12-2023,Air India,PNQ,MAA,15-10-2023 14:00,13-09-2023 00:00,28-11-2023 20:00,31-12-2023 22:00,Delayed,240
FL1313,20-02-2023,SpiceJet,BOM,BLR,10-05-2023 00:00,02-07-2023 17:00,13-03-2023 23:00,26-04-2023 09:00,On-time,241
FL1314,21-09-2023,SpiceJet,CCU,DEL,24-06-2023 11:00,27-04-2023 20:00,19-04-2023 14:00,09-12-2023 17:00,On-time,238
FL1315,10-10-2023,Air India,MAA,PNQ,25-03-2023 06:00,09-10-2023 03:00,25-09-2023 21:00,23-09-2023 05:00,On-time,174
FL1316,27-01-2023,GoAir,GOI,CCU,22-01-2023 14:00,15-07-2023 09:00,28-08-2023 03:00,11-11-2023 18:00,On-time,231
FL1317,14-08-2023,Air India,GOI,BLR,27-01-2023 20:00,03-02-2023 06:00,28-10-2023 12:00,22-07-2023 03:00,On-time,171
FL1318,04-10-2023,IndiGo,BLR,GOI,14-07-2023 18:00,21-02-2023 21:00,31-03-2023 22:00,10-02-2023 12:00,On-time,143
FL1319,13-10-2023,Air India,PNQ,BOM,03-12-2023 00:00,22-04-2023 22:00,13-04-2023 07:00,15-04-2023 23:00,Delayed,152
FL1320,07-04-2023,SpiceJet,BLR,HYD,24-08-2023 16:00,09-09-2023 00:00,07-09-2023 17:00,12-07-2023 13:00,Delayed,235
FL1321,11-10-2023,Air India,CCU,MAA,02-04-2023 16:00,23-03-2023 16:00,08-01-2023 11:00,05-10-2023 02:00,On-time,233
FL1322,13-11-2023,GoAir,CCU,DEL,21-01-2023 02:00,20-08-2023 23:00,02-06-2023 22:00,20-12-2023 09:00,On-time,211
FL1323,31-10-2023,Vistara,BLR,MAA,30-10-2023 11:00,15-08-2023 01:00,13-12-2023 13:00,25-08-2023 05:00,On-time,80
FL1324,27-05-2023,Air India,PNQ,PNQ,23-12-2023 05:00,21-08-2023 10:00,23-06-2023 01:00,09-08-2023 00:00,On-time,101
FL1325,04-01-2023,GoAir,BLR,BOM,25-03-2023 10:00,09-08-2023 08:00,09-12-2023 17:00,09-03-2023 22:00,On-time,138
FL1326,04-02-2023,GoAir,GOI,MAA,19-09-2023 02:00,11-02-2023 06:00,07-06-2023 23:00,16-07-2023 23:00,Delayed,125
FL1327,11-07-2023,SpiceJet,BOM,DEL,27-05-2023 07:00,21-01-2023 21:00,03-08-2023 01:00,13-09-2023 13:00,On-time,178
FL1328,18-02-2023,GoAir,GOI,BOM,14-09-2023 13:00,11-02-2023 16:00,26-06-2023 10:00,19-05-2023 07:00,On-time,232
FL1329,17-01-2023,GoAir,HYD,MAA,27-02-2023 13:00,23-04-2023 16:00,24-06-2023 08:00,08-11-2023 18:00,Delayed,71
FL1330,21-06-2023,GoAir,PNQ,HYD,15-01-2023 09:00,15-04-2023 01:00,06-12-2023 11:00,29-05-2023 13:00,On-time,89
FL1331,08-08-2023,GoAir,PNQ,CCU,11-06-2023 01:00,11-07-2023 05:00,04-12-2023 16:00,09-04-2023 09:00,On-time,150
FL1332,07-06-2023,IndiGo,MAA,BOM,12-06-2023 13:00,17-01-2023 13:00,26-05-2023 14:00,17-03-2023 16:00,On-time,160
FL1333,15-02-2023,IndiGo,DEL,CCU,16-11-2023 08:00,30-04-2023 05:00,20-11-2023 16:00,09-10-2023 08:00,On-time,178
FL1334,06-01-2023,SpiceJet,HYD,GOI,08-10-2023 02:00,09-05-2023 01:00,10-06-2023 17:00,19-04-2023 05:00,Delayed,114
FL1335,09-04-2023,Air India,CCU,BOM,07-10-2023 20:00,10-05-2023 00:00,07-05-2023 21:00,07-07-2023 10:00,On-time,240
FL1336,21-08-2023,GoAir,PNQ,HYD,12-01-2023 07:00,01-03-2023 09:00,23-03-2023 05:00,18-07-2023 06:00,On-time,231
FL1337,06-02-2023,Air India,BLR,CCU,01-10-2023 15:00,17-02-2023 20:00,27-05-2023 16:00,30-10-2023 16:00,On-time,219
FL1338,07-10-2023,Air India,HYD,BLR,28-09-2023 01:00,29-01-2023 04:00,27-08-2023 22:00,23-11-2023 00:00,Cancelled,198
FL1339,15-12-2023,SpiceJet,MAA,DEL,27-07-2023 05:00,07-04-2023 01:00,25-03-2023 23:00,03-06-2023 21:00,On-time,128
FL1340,29-10-2023,GoAir,CCU,BLR,27-01-2023 20:00,10-01-2023 21:00,23-04-2023 17:00,09-02-2023 04:00,On-time,71
FL1341,30-06-2023,GoAir,DEL,MAA,13-03-2023 11:00,30-08-2023 15:00,13-08-2023 07:00,13-05-2023 08:00,On-time,215
FL1342,05-04-2023,Vistara,DEL,HYD,01-03-2023 04:00,10-11-2023 01:00,28-11-2023 08:00,12-05-2023 17:00,On-time,148
FL1343,09-04-2023,Air India,MAA,BLR,25-05-2023 01:00,20-08-2023 09:00,31-08-2023 05:00,06-10-2023 23:00,On-time,57
FL1344,07-07-2023,Air India,MAA,BOM,03-04-2023 15:00,04-10-2023 01:00,23-05-2023 04:00,28-12-2023 20:00,On-time,239
FL1345,26-04-2023,IndiGo,BLR,MAA,05-11-2023 04:00,11-10-2023 15:00,10-02-2023 11:00,25-03-2023 01:00,On-time,224
FL1346,10-07-2023,Vistara,PNQ,MAA,08-01-2023 14:00,22-07-2023 15:00,15-09-2023 10:00,30-08-2023 10:00,On-time,66
FL1347,10-09-2023,IndiGo,DEL,BLR,20-03-2023 11:00,04-09-2023 18:00,12-10-2023 00:00,26-04-2023 05:00,Delayed,66
FL1348,10-06-2023,IndiGo,CCU,GOI,27-01-2023 03:00,17-10-2023 06:00,15-04-2023 10:00,19-04-2023 07:00,On-time,139
FL1349,13-09-2023,IndiGo,HYD,BLR,23-06-2023 14:00,21-09-2023 21:00,21-07-2023 18:00,09-08-2023 03:00,On-time,190
FL1350,19-11-2023,SpiceJet,CCU,GOI,19-02-2023 10:00,02-08-2023 11:00,03-11-2023 08:00,10-02-2023 17:00,On-time,194
FL1351,08-05-2023,SpiceJet,BOM,HYD,18-07-2023 15:00,19-07-2023 23:00,27-11-2023 01:00,27-05-2023 10:00,Cancelled,215
FL1352,18-01-2023,IndiGo,BOM,DEL,15-12-2023 22:00,20-03-2023 14:00,23-09-2023 11:00,22-04-2023 04:00,On-time,130
FL1353,08-10-2023,Vistara,MAA,BLR,30-06-2023 05:00,09-12-2023 07:00,29-07-2023 03:00,13-04-2023 14:00,Delayed,127
FL1354,11-08-2023,Air India,BLR,PNQ,24-01-2023 13:00,10-12-2023 05:00,20-02-2023 03:00,15-02-2023 17:00,Delayed,222
FL1355,23-02-2023,Vistara,BOM,GOI,12-11-2023 17:00,22-06-2023 09:00,28-04-2023 17:00,20-11-2023 01:00,On-time,55
FL1356,27-02-2023,GoAir,DEL,BLR,15-02-2023 11:00,10-03-2023 02:00,20-07-2023 14:00,28-09-2023 21:00,Cancelled,212
FL1357,19-11-2023,SpiceJet,CCU,CCU,15-01-2023 10:00,28-03-2023 18:00,08-02-2023 18:00,14-07-2023 10:00,On-time,159
FL1358,26-12-2023,Air India,CCU,BOM,02-06-2023 12:00,11-04-2023 16:00,28-01-2023 12:00,07-10-2023 12:00,On-time,63
FL1359,23-06-2023,Air India,MAA,PNQ,10-08-2023 20:00,08-01-2023 06:00,16-09-2023 18:00,10-10-2023 03:00,Delayed,121
FL1360,07-10-2023,GoAir,PNQ,PNQ,25-07-2023 22:00,29-11-2023 20:00,25-03-2023 16:00,09-02-2023 21:00,Delayed,238
FL1361,24-04-2023,GoAir,PNQ,GOI,30-09-2023 10:00,19-07-2023 19:00,04-06-2023 05:00,08-07-2023 06:00,On-time,192
FL1362,15-10-2023,IndiGo,HYD,CCU,24-08-2023 22:00,28-03-2023 03:00,27-04-2023 15:00,13-06-2023 10:00,On-time,103
FL1363,08-12-2023,SpiceJet,MAA,CCU,06-12-2023 15:00,12-02-2023 13:00,02-01-2023 23:00,24-01-2023 21:00,On-time,76
FL1364,31-05-2023,SpiceJet,GOI,MAA,16-08-2023 14:00,19-04-2023 19:00,03-04-2023 11:00,24-01-2023 23:00,Delayed,62
FL1365,07-05-2023,Vistara,HYD,GOI,09-01-2023 20:00,01-06-2023 21:00,15-06-2023 18:00,04-01-2023 03:00,On-time,208
FL1366,04-06-2023,IndiGo,GOI,DEL,15-06-2023 14:00,17-01-2023 14:00,16-12-2023 04:00,19-11-2023 14:00,On-time,212
FL1367,30-09-2023,IndiGo,PNQ,BOM,15-11-2023 03:00,13-05-2023 23:00,23-10-2023 16:00,17-10-2023 00:00,On-time,109
FL1368,14-04-2023,IndiGo,MAA,HYD,02-08-2023 10:00,28-05-2023 07:00,15-09-2023 22:00,30-06-2023 22:00,On-time,55
FL1369,26-10-2023,IndiGo,GOI,PNQ,27-04-2023 18:00,04-10-2023 20:00,22-03-2023 00:00,05-09-2023 02:00,Delayed,246
FL1370,03-09-2023,SpiceJet,MAA,HYD,10-12-2023 14:00,20-08-2023 14:00,25-09-2023 23:00,26-04-2023 13:00,On-time,107
FL1371,25-06-2023,SpiceJet,MAA,BLR,13-03-2023 03:00,10-11-2023 21:00,23-08-2023 22:00,06-10-2023 05:00,Cancelled,98
FL1372,08-02-2023,IndiGo,PNQ,BLR,05-03-2023 20:00,16-08-2023 19:00,17-11-2023 09:00,31-12-2023 17:00,On-time,200
FL1373,19-06-2023,Vistara,HYD,HYD,24-07-2023 12:00,19-05-2023 13:00,07-11-2023 14:00,10-03-2023 00:00,Delayed,211
FL1374,04-09-2023,Air India,HYD,BLR,28-07-2023 21:00,30-07-2023 08:00,28-10-2023 22:00,17-12-2023 05:00,On-time,75
FL1375,26-01-2023,Air India,MAA,DEL,13-03-2023 18:00,28-01-2023 07:00,23-12-2023 20:00,11-09-2023 05:00,On-time,96
FL1376,21-12-2023,Vistara,BOM,CCU,04-10-2023 01:00,20-02-2023 16:00,01-08-2023 20:00,30-06-2023 20:00,On-time,54
FL1377,02-11-2023,IndiGo,BLR,BLR,01-10-2023 13:00,18-09-2023 01:00,03-03-2023 10:00,14-11-2023 15:00,On-time,69
FL1378,13-01-2023,SpiceJet,PNQ,MAA,16-11-2023 03:00,18-09-2023 23:00,18-02-2023 12:00,18-06-2023 04:00,On-time,183
FL1379,12-11-2023,Air India,BLR,BLR,04-12-2023 15:00,16-12-2023 02:00,07-05-2023 04:00,09-11-2023 16:00,Cancelled,247
FL1380,09-11-2023,GoAir,BLR,BOM,05-04-2023 20:00,18-12-2023 07:00,11-08-2023 00:00,06-09-2023 09:00,On-time,108
FL1381,05-02-2023,GoAir,HYD,DEL,15-06-2023 19:00,08-01-2023 11:00,06-10-2023 23:00,07-07-2023 20:00,On-time,241
FL1382,22-06-2023,Vistara,HYD,BOM,01-02-2023 13:00,16-11-2023 00:00,21-10-2023 11:00,23-02-2023 17:00,On-time,195
FL1383,20-01-2023,IndiGo,BOM,BOM,11-01-2023 14:00,18-05-2023 09:00,11-10-2023 10:00,22-11-2023 06:00,On-time,181
FL1384,17-11-2023,Air India,BLR,MAA,28-10-2023 02:00,07-02-2023 19:00,04-10-2023 16:00,23-12-2023 02:00,On-time,66
FL1385,21-09-2023,IndiGo,BLR,DEL,05-08-2023 07:00,21-04-2023 02:00,17-04-2023 03:00,09-11-2023 12:00,Delayed,63
FL1386,22-05-2023,Air India,MAA,DEL,16-10-2023 15:00,08-08-2023 05:00,26-05-2023 14:00,18-05-2023 14:00,Delayed,62
FL1387,23-05-2023,Vistara,HYD,GOI,12-04-2023 09:00,03-12-2023 06:00,09-04-2023 08:00,17-06-2023 19:00,On-time,184
FL1388,02-04-2023,Vistara,BLR,DEL,24-09-2023 03:00,11-08-2023 19:00,14-03-2023 20:00,13-04-2023 18:00,On-time,177
FL1389,20-12-2023,GoAir,CCU,DEL,02-08-2023 17:00,16-05-2023 22:00,02-05-2023 19:00,26-03-2023 02:00,On-time,93
FL1390,18-11-2023,IndiGo,BOM,DEL,28-06-2023 01:00,13-09-2023 17:00,30-01-2023 18:00,13-11-2023 03:00,On-time,168
FL1391,15-10-2023,GoAir,GOI,MAA,29-03-2023 16:00,26-12-2023 10:00,07-07-2023 18:00,31-07-2023 04:00,On-time,192
FL1392,03-08-2023,IndiGo,CCU,BLR,10-02-2023 12:00,25-11-2023 18:00,30-12-2023 11:00,03-01-2023 00:00,On-time,68
FL1393,08-12-2023,GoAir,CCU,GOI,17-03-2023 03:00,18-02-2023 04:00,20-12-2023 04:00,28-06-2023 03:00,On-time,112
FL1394,20-02-2023,SpiceJet,GOI,BOM,15-02-2023 10:00,19-10-2023 18:00,15-10-2023 09:00,08-12-2023 11:00,On-time,212
FL1395,02-06-2023,SpiceJet,PNQ,DEL,09-06-2023 06:00,20-11-2023 10:00,14-07-2023 16:00,30-10-2023 23:00,Delayed,130
FL1396,05-07-2023,SpiceJet,PNQ,PNQ,21-03-2023 11:00,19-03-2023 23:00,05-06-2023 04:00,28-11-2023 09:00,On-time,212
FL1397,04-03-2023,SpiceJet,BOM,BLR,06-11-2023 09:00,15-04-2023 11:00,21-06-2023 21:00,07-02-2023 22:00,On-time,196
FL1398,09-07-2023,Air India,CCU,BLR,27-03-2023 06:00,18-06-2023 09:00,01-12-2023 15:00,27-08-2023 20:00,On-time,197
FL1399,05-05-2023,SpiceJet,BLR,BOM,02-04-2023 12:00,05-08-2023 07:00,10-02-2023 06:00,18-06-2023 19:00,On-time,149
